{
  "as_of": "2026-04-01",
  "ticker": "AAPL",
  "spot": 253.79,
  "dividend_yield": 0.0041,
  "hist_vol_1y": 0.313304,
  "vol_term_structure": {
    "0.08333333333333333": 0.193267,
    "0.25": 0.246374,
    "0.5": 0.213421,
    "1.0": 0.313304,
    "2.0": 0.281432
  }
}