maturity_years,zero_rate
0.08333333333333333,0.0374
0.25,0.0371
3.0,0.0385
7.0,0.0416
10.0,0.0435
20.0,0.0492
30.0,0.049100000000000005
